Address,Count
0x6C12f884501BD892782F921d2aa0400bAe3C92ab,101
0xb3795fc2FDa5543903C60a89b156fe7F7116df80,68
0x486ad9d12d4210471a403efcC16Ec52c6DF11FfB,45
0x058E2C9e6C0c085901b321eb04ebaF059EFCC394,44
0x38D9390cd9034D30E58315193cB1fd38E24137Ef,44
0xD43b3e6528147e07C1b3B03E25b32cBe20080792,34
0x4856700D84A4457c415f1a7a29E9f23EC0bDB9FE,31
0x2C43f7722025077Ed9EA8F8e815d43eE7517AE5e,24
0xDbD7799150c8D746beC8992E54c6Bc239B4eE32C,23
0x712266C9911712ec306135db3dB45C482C8E658b,23
0x6901aBB6ffBD4799bEBd1De8bDb53fffE2b7f4b3,22
0x454cfAa623A629CC0b4017aEb85d54C42e91479d,21
0x2384818AB3099A68F556c690abb8788857cA02D8,17
0x5a2691bF131dff6C314272dcc59A9cEe0631acCE,15
0x50048FCf3d087Ece24dcB2071C0399257DdDF8a2,15
0x9c37d680f7632769B2AD72F8d3A11Db1353fd511,14
0x308E7296B98150b2F23F588E145b06B893af68a9,13
0x28Ca7619fc9bD457d0171f011Ef62c0597a79545,13
0x8a4E3789fbA83D491cbE33Aef5a95c81E53C28c2,13
0x54Fb233Cd47AC46D04e5586734199Cc3496d422E,13
0x5a214E1B3BB253A90eB05a27259B7C62BC0D2399,12
0x983DB3c77d5D07bDcc66c0abc957EAA8D84a0699,12
0x43b8Ff9Beb897B4c010bfdaead73CF872554d0f6,12
0x24C72FDbBD526fE822d2D4078168791c30702Cb6,12
0x7CEe7D232DCAE23fd673ea798078fde6c5a11c3A,11
0x6c0D18Acd46Ddf15F2e7F16CFa56b9f55ABf828D,11
0x21ac4bfa157Dcb56c226a2a2536D87EDfeab37f7,11
0xDdfeE28a4AC343517aafFBda263A446F812B5229,11
0xdd3C819857537E156428468C3c925F5666EA6c34,11
0xb9359446f77dcB774d2013408b48368043AA51C9,11
0x2bb187F2750E27aE1ee3f7456738Cb600ac70A2B,10
0xe6833a8D83c262D2D227d470507241F6328ECAe6,10
0xdA9ceBf0b8350A9dCC4c80e7e4Bbe587FC5Ee54F,10
0x22136e7A889F17b9965F5Caa0247C600889638B5,10
0x6EDF872A04ACCaDa9e261661d3291436D50Bfe3D,9
0xe1912Bbe33AbB20EeD524D790EF34d9F18cE2919,9
0xBc07A284Cca61304eeA14Ab754f767c360D9BF57,9
0x0800833a3706db6fBbD846d5d1b9370a79Af8097,8
0x72826323bFFB9C066df04fc6772A1af9E52d984F,8
0x24B48734B33D9c413792f8930CbD2B7cF7F4619b,8
0xE163d368811537247afFE58758E344951292f750,8
0x501c97E27F738b976a4623cb186676Fa6Aa15244,8
0xBb011bbe21CE5D1644D80476D28b08BeF561F7a1,8
0x32C64355d269e28AE9f6519F0810B80af8e29562,8
0xf9f393716EE6a1f70df62Aa8c0a0B98E9e688dA7,8
0x962B26613BfD4EcBcef77b23fdD3dC6b97eFE3a5,7
0x23F611050b2A729b85206ce4583D92C3EE2c7C26,7
0x3983275fa2ae2Af3A54141334c9C3362d03bdA72,7
0xaC2eB83EfC3e151bC11e3DB87cB83eec54B97a76,7
0xFCc6DfF1be2745646D9b6422C24b0efE1d30CB4B,7
0x4140100f2229122245E981c3874ba29CC183c8Dc,7
0x5Aa377340A83B44573d86259778BD0dACb3c5978,7
0x22AA6d174D3ce3379dB1eA8FFE051e3895Ea2792,7
0x8DB0e097Dd19748cf80da88CD0f87Ea82547bC36,7
0xEe96Bf63DFd211E6715b6e23285818F5EeD1e91D,6
0x8e3Aa84BeF6291217a7873Aee1ab05d84Fdb77A5,6
0xD5CD731D196226cD4F80fa91daB28F5D53Ab8264,6
0x277B2fF9909EAdeE4B7D5f6b8328DdD041E52eD9,6
0x26f43300Aa82Ab93307543e3AbBa35a6234F3300,6
0xf0da08D1915aDAF1A9Ab9bDa579AB065bA0D8084,6
0x289f8c199AF74dddb319d5A69a7E31e01F7E018A,6
0x8cD4509a1C2169C2665352FA0678109C06c1eFe8,6
0xE777DC1360DffE395E923a6FCe8F36F6Cc5979A9,6
0xCA6f86D6406784d10302fd35129a10A727E725fc,6
0x2ddC69f6532C7c3D216e5798dfA65aBD0E7347Fa,6
0x5eB526b9E73560cc2b3B9BdaC3B1Cfa40499A1D7,6
0x4d5298240edefc264aC2F57361BcF76507083ca1,6
0xC0076d2601a24E57e41Ff0F5f2EbFD4d5C66F456,6
0x9eedafd76F1B8c450C0d4a662BE75756E7a99A70,6
0x58ddD3eb358b69379BDd8097356D68dD7c8184F9,5
0x151d3DfCa54329C70dCb86E4818F1cfCc8e353e8,5
0x7021C65bAee488ca957dE4499E5e742E56417EcB,5
0x1d7C23F37e15Dbf275dF373De214783bE8a65Ec4,5
0x5f37189E526583156F5Af9Aa4d26f1b32E287aB6,5
0x7d4b43c81FE0eD4A685298Da0bd8A56A2020A855,5
0x7b976b549a286C8F9b40bb3d69Ad99F49CFbE955,5
0x4a03B5f79af795458170198a1FA4454B8Ca03622,5
0xE3A9Ecc4677D89bD264b648aAE83d2D7CF1Ce161,5
0x2F7100A662aD8eCF32bf70eC9880D8C3eAFad29F,5
0xEed7b4137f0e8fde53afa4466735e1712d92919F,5
0x350e4e76d19290b49e3069da4A521E1b1eAD08dC,5
0xc79C3FEf0467b766DC5df27a3b6fc778917E885b,5
0x148E54cAAa99B653eF33a0a75D91e71cEfB57D27,5
0x898F458F9cd73202ebf53CCdD6C48a7657e866a1,5
0xd77df0b7b7d7b45693c21AAc464AF2BA10433171,5
0xDB39a33E7AB70fbE470d7B4C66EEafb0e4660a3c,5
0x6d0102E12c08f42372E543b67526f2B6bA611e54,5
0x79e83fddB0E15692bD33CAE7dfA0cF6aEA392AdE,5
0xa37856be01a182Fe732DCfCC612A45419B4daa34,5
0xaD60C157f0E0762C9859D0624c0e34c843a3103f,5
0x4Bd0c1A4b610CBf0B2a961E3295785A38CdE1F11,5
0x01218162519C09c60B3baff7B02f789E3Bd79CeE,5
0x3861525aA9b505419d3a7c38E4E620E4C709Fb42,4
0xFc559845Fb191beA6C7204945CfA16FDF83e7381,4
0xC0C603C330CfED4963FEe36b3b49FAE2e706a3dB,4
0xA4010ab215fbb6d503CA2Dff2493280Cb6AA48a9,4
0xe30810aeF681D574994fa7858067eE780b068635,4
0xEc4859cE86A6572730D660AEB9B71DaCB7f4D957,4
0x2ee3742517D8Cb61548a87f3EDf0fFB0C120B433,4
0xE2fB7cf5043DCDa8262177afB06316a6072796FE,4
0x767d957eA7f5d78b611EaEB84C3BF2443d26c9C5,4
0x99c6B1Bb8A59C58009A108d03155f432ec658E0B,4
0xCE4CE16b2bf71128E68c75c27ae142c369D71429,4
0xc0b84B1Aa0ebdA440f210b5A62cf6e2C5A4DC5a7,4
0x4e9271956c7424EabDcfE11E1E5460193d01604d,4
0x51ecDC62FeA43E8596F82EBbE288FED29f909634,4
0xe2b5F46830816e1c2cF196F5C45Aa23402CEC04e,4
0x48cAAe1A49486f6e01a988E99fCA1a6fd812475B,4
0x744162Ce693B86b1C1f54c3b684627Fb7dDB9B3C,4
0xEb33c6f68B123e63fE7B304bbBd0199EA1916C91,4
0xd70800B3c904291d258e659afcc9a4A8C2660633,4
0xC48Aba4ae6A91D0Dfd096aCDd6E4d6787F62cB04,4
0xB13EB5c7e9F17BF30146859215C7Ff335d008e6D,4
0x7B97e6f3EF2A58bAe357D62E7c9ffBf618FDdB74,4
0xBc1bc43EFA8c3b4153Fb125bde6DCcD7e3E5bD72,4
0x872b861C8393b984EeDC8877938E04073f597bC1,4
0x35086cB4022738f21Beb204Be3f9128c5053c7d0,4
0x8fB30cBa20eFdd1e1Aeed71dadAd51E66832059F,4
0x3919CE49b38cE21a248Ab47044fe290C1468951B,4
0x2aFa2A5bBECCD30D43Ac1e3bb35401818F853023,4
0x9Bc475aaEBEf13d7aF471Ee8285f731E382c81F6,4
0xAdFf411F7cb1F68aC633A37Bc6d045A37BFc7DE7,4
0xCB9A5c38715CB561Cf07f677cE95df9E5E056e16,4
0xD085fdbC919cC5c1fc807A0C9B90409C387F0cA1,4
0x0220159B31f41CD6F38034f2A9804e5C091Ed5bc,4
0xB6ea6d126a2468786f11e1E09c9d283c03788753,4
0x138494c904b7c8b4b1348358990C92Af162B668d,4
0x56278C9e5bf6D8d5D839161Cd899DDb6C22a6286,4
0xeb58016C1333cCFCbc4027f7286B44672dbC1423,4
0x212A09fF86636de5567D2A50e49A66B584e454dB,4
0xe2866Ca43F16E74399f49CDea9462a423c95070f,4
0x5becb9F106A00055D06BFD7d5e82A4E3AD003098,4
0xe629071070902082B0d9668b269895E0d39cF132,3
0xCF066B771E77391e5Cf9Cc6fE69cEAceD15d863D,3
0xB09C3Eaf4d6946788Ab674c69516f85e6C2CA0E8,3
0xa6A43eCFd1DBF116D65906a75f07eeb5C5f495a2,3
0xb3053b9c57Cb5B0E5d94389524EC6B89fA0344e8,3
0x2D13a7b057Ac5b47cb8E525774Af1511f41c2b25,3
0xB03e7Ee15F0f4B19535a5c4F19e0e83d601E7153,3
0x25630d608fF94813676e4809F72366C81487716f,3
0x8F1Fb491b1Da29427D0D8dCC2a162378CF19768b,3
0x4858f13010c942B1c2AEeFfCFaF8660DD99Ce33C,3
0x3a5265F61BD7D0C6A6f6334FA8fd941D6CA35789,3
0x431a7Fa0AD0E38eA1f5895FB75CB573A08269a0b,3
0x2492E4F6fcC44b07A86038Cf695c47d86D1eE5B8,3
0xF8cA7CBfecb7ccB8E2F99b10226C6ba3627f0f98,3
0x6E965709CfaBCF76636bdB466FA41d0990071e4C,3
0x8C0b22CD9E682D1485Ad487891Ea9002437CeFc9,3
0x4843CA916C45ea85CA0D2ADaCD6b4eDf5d5ECE6E,3
0xfb51c93ea2b0CFb84f2986C4DcB3Fb1d89883498,3
0x7eD4cc291174448727Bb95E3aE0b2d499f49702e,3
0x1152Da45F62EF3012399Ac2CCd5B73833b4484fE,3
0x9ec79f9551172344e7971A66aA1F9Afd917C04ba,3
0x59fA2Cc8c8657154e63F97F3175cCFeD5212C2Fe,3
0x5775057D9d60C46b7f64aa1D46A4235C924c6804,3
0xCAb01e0B23118793AD14ed96639Ca679F6f447B9,3
0x5629b1272D9c8a0e57efD8D737497f4415Ede9d4,3
0xBaAA54f1Db3e3c8C6abfbe530f0209619aef91cd,3
0x13a73544b820afF8de04c8A7c95f703f185B8721,3
0xDe0FCffcA6f23aabf0Be52dF72B9D91c56F1c4Ae,3
0xC0D4F33dc7762c20149080aac652985C415Ac8d1,3
0x3b036A651E4536E50840Ba753558b8a29Afd609a,3
0x0D80Ad21506791a60ACEDB05797510E612fadE56,3
0x58F5C3d5f4f96265c83403f4915A820a3dC6003d,3
0x2A7fF6317686fc9bEAD722A52045efa119a52c84,3
0x9b560C26C139175C8dAABe09c18822582C34b5c1,3
0x3527EdD0F37c17666D1e53EcF4981566CfEE4468,3
0x0B9582B617B99AAe40271ba3e77afb3DA041C109,3
0x4C5fD37907fdab75aBBCf80fEff26E0CC23A1923,3
0x9dD43969fe08CF5E4558daE6BAeD08A28eeF8A9c,3
0xE6Dd541e392Ba9B3ecCA87a6a7B32e25BD1D7220,3
0xC417164c60e1D71fFcd469a84281390985EfE688,3
0x1Df8DC1e3bF866700C85D24C345933f3ba1738F4,3
0x4b5Dd93B1d24Da7ccE8f7B122AA8a0Ba187edD78,3
0x1350b2465A5d2C878edFe2dbaDF22851d6c6058f,3
0xD6288c4e54c8e5fbc36EcBd5055039c61d949701,3
0xBDB2Df6f451dEcc8f95Eb054feff0CB1A757c142,3
0xB1daa0553a2f72c893b13e687A795c76AD20A55E,3
0x4bE2beCFdD81f173ac97a445680eB438C5496eA1,3
0x5fD2eE03d96f53DB1d563630749a4730df5E343a,3
0xB3e955De7472fe20d32577C52d6bE869D0A791c1,3
0x671f6183380F54D007Ef22bC30934b4A4734A3b3,3
0xa257263e2f79b4c5F9641257387193e5E43ebca9,3
0x9e7cEff7db1AAFb8B6314658AA060F574edC3415,3
0x90CcCC9BB962d4D591cBF19f368C77AD368Aa145,3
0x11f451E9577701B0C769Dbb6293B74fd170025A0,3
0xbEE75883E2F8ed32F0a0B48E097F157510188a18,3
0xc91542E008F27B93789184E41E884de7a1205a41,3
0x838CF822d8af9B6DC6F4aa9E3136B2390800e240,3
0x2d694E843ef7F4d9D304DDDAA09D84BF708ca8cb,3
0x3c19a83662B82f25f334b06D4F0797b4FE316999,3
0x83A1a09FFD4CD72Bc7D7d429234271bD40542350,2
0xbbC7Cf7795F207A75D9aA0041Ca6CAe892Db3e1F,2
0x7e44Aa43bFBa1b1c12807369041fE2e0970330d2,2
0x8C676AE01636241D0Ab6033ee14fDfF6F18737df,2
0xE449B5Ef3C3b3121735F9d38E8ad95878CA12573,2
0x63c56771c65E1EEa3B4a9e729Ef1034C2d16e838,2
0xFf1b10DAF7c7d02620Ad398B33f5563d2A43C6Ea,2
0x4c144be7422154b7F76987497f4ddde4ED1A728A,2
0xAe9a264C9235a1E3A825963299643cd305c0A26E,2
0x6816235f35B6bE617e9eA7B76f3aB4c8801fc954,2
0xE33280B7f19C8ABb77aE89e1C64d6fbfc16e37F0,2
0xAF00BafD8239079CB339A126620308EC68D18910,2
0xAeb59Ae7F622A35c14f477042C50683e8e8AaFBA,2
0x6D8CCDb29a58dB19Ae88D7e64F2C9E3148647b3b,2
0x8Efe9e54D5328226724CB7Fb8d9a6a5D6519cf7D,2
0x4dc53d7822b52380E04340861f0aC3F6C5955148,2
0x0EB7D71fd878b5545eA17A6f36FC8bcBBB7975Ce,2
0x74797a9523976f24b4F8E213E7f6fa22979B9a87,2
0x529A300E18A5C10807487E4BA9F5A7f1512A9553,2
0x6BAf62ace65420Db49bFF71bf36D64C224221dB6,2
0xeD8F960D1B0E664CBd2CbEB0e2648ABFdB90cE29,2
0x574cEAC75090869c92fd5315D0e89a0294cA58Fc,2
0x29975543A7e25088aCE10A0Ba5C2d2917D8f9196,2
0x903c5EC9EE065214461b9416a6681737d0fF72B0,2
0xa742a9F737380b5C97145DD9637559Dd90e7B308,2
0xe40E86209bf7A563B23dc5625ea968F9DD9269fA,2
0x3Ed94DF49728CFb4cbf80fF6616DEF81b1379f7F,2
0x40C7D4d1449595db6809CedA5Cf7F7216a11C71B,2
0x9878414A3D538101711f4bfb01ebf78d4cA08516,2
0x7C4e2118E3bcaE8631920fa53e31c86f5ac9c0E1,2
0xA152eB75Aa843F5B3ed32BB21991F740EfB97e36,2
0x3722CB2dC7a1D6A778a3f476e162c30f00D6AeDf,2
0x5B83febcff5a2Dab4b706d8F266f76D18F402317,2
0xb1B2c9663a5400C09b9adD915AFA98156c8F0591,2
0x3ecB946985A95Ea22A8743cB998A6CA106AEc417,2
0x6450Bf3832db8d37A1AE59aA162dbE80DFBB44E9,2
0x24d81cdf3043E7d4c45cd3056A183eC4f78A6ec6,2
0xc3a6EA28023aB78570A3A51A5d2412080eC53E2C,2
0x2268b64D4F07438a9d11D9dd5491Fdf6Ff2c3777,2
0xd4b791a6a04713d25968a777C1190ef5897ae350,2
0x327522FE9B59a2B1963a4272c7cc1eb6b4503AF7,2
0x62db4d592aa592898957cc30F4A49A15ffc7DB3F,2
0xA90aa632c7928Eb4caFe8FE71fb30cD7bD033C46,2
0x44066ee8d1dAe1859bF170a4677bBa9F0CCa1615,2
0x4B9BF9EFa34E4Bb0ADee653b7b387Ea791fFA7d3,2
0x491100fA76D7Cf12692d480C91B78B9d783793F1,2
0x77Ae6aE1E19f8693b81EE75517eF45F9AA4A5939,2
0xc75E3B670294446A09df6FC0B6F9790c5D610E60,2
0x8eC697e72b245c7Ef73C22E2506a314C665B23C7,2
0x91dAc3201543d661228E76aCAe20664719705F54,2
0x8E0b9b962Fc634bb00A3630aD6ce3170127FB06C,2
0x0FE3940242626D87a5702DC11c403162F0958054,2
0x6cfd6669C6a1E439C3ad83D2E3A3e709ebacdFEe,2
0xFDB48b06757E3FBd6eEF27b7675c9D5EaB62a9Ae,2
0x158d11000F1454A1a5318D2a9352a35a027c8880,2
0x21D5A0f5dCf34426aF464603AE679b0a1C257F32,2
0xD613B3e4B44990A088862691ff017730601ab9f4,2
0x3E670661f525BD5a8d99A9CA6990a01A5341ee52,2
0x17f96CB27CFE9B8C360CF867ecEbF9D17e822f09,2
0x44C5B100F34B3B666B99ECD1E1531f7373011594,2
0xF380E7DeF01039A12ACa91F02A8bF7b7824e9936,2
0xE44d12eC951BdD1605246Ccbc83d2dc552c00784,2
0x475e7e071A93CA39aAf469707c9A5F032C27e75b,2
0x92Ab472D2ec26f229a3959e945fF1A53d8b1F925,2
0xF845810EF5b9e7E4D00d16cA226ac4Ad39C48b86,2
0xF1AeF9a87e8791a4142da093762a7029A2EC60fB,2
0x44983cE2744583e38667b4Af96d735787d884c61,2
0xc13c65AFb2487F87B990A6a991Dd52B2645Dbce7,2
0xe4bAe36b56A637b8Cd3cf5374ddC5014B82f81e0,2
0x654dF7C78f5e5c168C0aEed20478860C115C23aF,2
0xfa5F2Cd994c57c5926bfa38A9f1dE37508CDeced,2
0x87bCF1cf20EA8A30D86C05C096C2B07814d4cB77,2
0xD982E5919aaaCde21E3063caEdf684D328Af143d,2
0xAE13245d7ab6621b8583F5a734F8F8728dE4Dcd1,2
0xC5c8eff68183581f8a108CE6414a21a6675A4b79,2
0xc3d541A2C11708e92274259c69d56579A43B0801,2
0xB6FF7BEC2CF7f656947c4289Ab884f4dB3008C10,2
0xE2516c91C4935D251376e8692baeBB5a818BD0aF,2
0xf30B992a8F4FB22FFFC9Fb14E56862F12301d08F,2
0xf87d3A3C717346805aCA4BFc2452BDfde8A7c8B7,2
0x7D9743542b57Fc6Af5aB991ADFddCC1038450535,2
0x9B340657fB55e6e91a268f2c3Bbd737b764C56f0,2
0x4F624EA55DfE6870073466E60cFEf214bCce29b6,2
0xd91a1b25fF3D5f03e564b59549Af431Fea9B011D,2
0x64b82827C090D05183D099Cd623a007768b79e73,2
0x9A85C7c098484a10147e4c6268d3DB848ff3877f,2
0x89DAa25502E78067EE7e05d2c0a4b9399c6698B2,2
0x9316aE6261D4fA383fdb3B012dEbae5FC35F9042,2
0x75Cb0Dc8FAE392683DB9D1132F4CDB0BC21406B9,2
0x4298E51F6ed2CefbDBE47ac8Cba631186c9E8C5b,2
0x58e857B6a51e09F1ed5b588eBf255D205563559E,2
0xCa83339ef338Fd7FeF973Ea93241A2494F5Ad1e4,2
0x834cE70dDde4200db990075c5F9C06735290bb9e,2
0xB2354A130Ec539cb2B89D9AC5C1AE30b3b2C16aE,2
0x6e9972092568aAD473190ECA67e30eb3D823508f,2
0xd91249B8d411e441EaB106325075E9C8Fe172121,2
0x9d80920a2B0C75da7827099d1EE0FaAC117b3375,2
0xb12c8F99a001df72cE8cB7778e03917706455E77,2
0xdC8A0ed8288DbA6C77FbB4469194dF91551e2b68,2
0xe1AD1F0f19399Ee712b4bBC024581e0455Add79a,2
0x1B9A3d4c1581004f604eD70Bbdb6d2038bF7cDF1,2
0x3a3003aF64201ebF8955D3DBA2804D78d920075B,2
0xE71e83Ca3198344d47C2b8Fc2DEe5d491f5A2007,2
0x46cFd5a53B4E65907c736242af3523a12e4220F4,2
0x15C85F1B28358a23099FcC4C69B07d5a1A674Bfc,2
0x3F216cCC5B8e6C7Ef29E0a1a75f22B902445482C,2
0x19897027A0F05fAD1Ce2ACF4B00f4a2927cf68da,2
0x5386466DD296F22d4e01c4de4AAb68954883b59F,2
0xd8545be4aAEbD14A08383fa52731E0b37a80F028,2
0xdB28dbd2882f9bA700a0645aDd6eb29A77DF3253,2
0xC372212B4377a9bcb5504c46cefDd23C2BCC6988,2
0x24E81C518BECeD20E155E65fe2dFF5C73Ee3d570,2
0xB0Fe85dF04578262dbe7704E0Cc8eb6c8667c71D,2
0xa261A3EEE8df51c5b98c6807b172FFeebe097320,2
0x5cE88Fe7bdE6876133529b3E6eDAfBAa100a8824,2
0xb3444F3D17Cb1a85cE0A0c90ba614D389dbA9241,2
0x18C88c68D2239e1Dd07e434203e07235cdC39FF6,2
0x46957AD3Ccc75274eD2870683d2069B3f1890b80,2
0x495c7A4aAe13D9fb0e2BEac880302286De98E4b8,2
0x0d65eAee5D78A987B93df8D915D419F89d4D6bD7,2
0x57A1e9D5EE54D0c848C27C7958932221E065E5b1,2
0x955494b6f6e93202e064658c0517b2B28d937de6,2
0xfb954737c1538f64A993EFFA0995BE6D69246a82,2
0xfCe91E7e6c0FcB65CEEcb5327f1Ff21225075DdE,2
0x6fA9fEc3196B0f7Dd116EcA768d33865ED2DB648,2
0x7334c3878CE42bEb6da2c2D90410B1b3C43F1bA6,2
0x3a67CB47C23f6024D32d7c70df8C422aD7D28f6e,2
0xFfc0e715802fAD97193e1E6F7B57A11c788E0A13,2
0xEDCe0151656e82150A0835E9B9Cbd1eC53A17eAe,1
0xd232cAF4B01098D7209858df1EC087367395CE5e,1
0x896fF18471564F5C917FEBf5da272F7a9a32488B,1
0x3E7ce8799eccF8DF033820451fb0DDCcEC212E7E,1
0xB207BDAf5bD0C76B39024a76E1794496D47a25dD,1
0xfDe31928EdECF9e1Cd9eefa8115A9639530606FC,1
0xDa284b390D9ec6c0Dca72A8a46830B53FadBaefc,1
0x433f3cC72Acdc9A4b81BF3A21a86c974a5d73C57,1
0xCBDD0c6Fb48bC52E2B3f94F4D78Cd85AaC238078,1
0x8ab946B6Dd2F11C5308f8f48D5378da7FE976d4A,1
0xB1B6A06BE56C354554d2B57dcF055aB410166903,1
0x8C6960CC1B271495209f01dc4C6A91cDb32c78E4,1
0xCEFB85A29f89997e93c8A148eA9D58682B93b33A,1
0xb4fc86B28B341A681732EC946ca367A2288668d1,1
0x445DFE9C05340DB23d1500774F401871cE206127,1
0x497D75CB1935AF33CFa17Bb354d2Ce3D63AA3796,1
0x44D3ea2cE47a9Ea3190BE77c9a3105F4fAc56d3d,1
0x0177e8e011C740E7200Ee643e3A6769006f5b629,1
0x65B8Dd805829916601B2D864c044be59067E2e86,1
0x94EE2eb6b77E9Ff4C2F55282A4C9CdF4a28Cfa7B,1
0xcD036DC0b58d976991e1F712DD7D5753E51C3537,1
0x2e478849dfF89Be94375A12A19631EE398e6F354,1
0xcC91d03066Cf5E1CAcFa66486655A2d9D29B354e,1
0x0239215ED0826244952956E4340b06E8ec52dDdc,1
0x1045E6642425953dA6A53Af363E0dA2A5F4f1F9D,1
0xd245E1f427f333c4d8AF8132df6d15C01F50d3F1,1
0xb92B6B89d9D99267a94b52271a5435faf17bcA10,1
0xf2b86c238627A2064Cd98fC0271bd30Ce9d0ba2E,1
0xD0FbB89151916CBdCB3e75a79B599b36aAfB63Cc,1
0x6ebc430C5610BD5C9Ab05BDc210DD14e9BCE6b93,1
0xd4c69F27433775Dc9d041226a2ddD86dcBc568C6,1
0x095E8A3284bD2a37022E6841f71f7764193d1dDe,1
0x95D38B7fA4E7073df3c7ca14fC8F936E233aa451,1
0xf60dD46271CebeE77195D48833F1Dd1166E628ab,1
0xC67a07522F9a498b6dE232054a2dA3Fe1FF7A8Bf,1
0xC469977B821b57c9FB36Bb7d44da1EB4A5356443,1
0xB1E76c5061075c8a59c59724E76f957437D7E02b,1
0xFb093e3eA94E2B05f36dd0EC8d1eF7985357E9Dd,1
0xa225a29c2186b7087FBc6408EaC5366CcBf59D52,1
0xdd54783C738016CB6940EbA314AEE1F76beBc425,1
0x90548343B0cD2ac78Ece84EE999a237D5bcA56e0,1
0xB56529e204355368502fC79633Ea785710B5240F,1
0xDE64083137213DCe9bb0199267Fdb2cf865337e4,1
0x9BA2bF12363DA102b1e61FDaeD0c418fA9fA3715,1
0xe3b69fc3BE504813b776fe18F4167c6655859A56,1
0x604cA4308d045a118eF70084a8a4291400Ba6995,1
0xEb205cab3675c9f4B91e52fba8ECD7F5f32a8b6f,1
0xd4f4bce37D1de6C0040B28015B78d61D933cd1D1,1
0x0a28ef66e35233A862d2b105DDf63cF25176c6eF,1
0x5FE7AF6D2fF4d280CcB18786BD17e102CE3674BB,1
0x7E3E9dA9b86f9c57CF9A4f8e43B11739F3d2faE0,1
0xfE63DB3C2C4369CeDE36017C487836DD561ea778,1
0xEd90e0c1E05527e0b15717E20DCB1924d82ee2ee,1
0xe942151397E96704D459dCC6F8c3AD1470D47d08,1
0x59c2DfEd28DE8d8e4aF5a4979c6a67E4b322306D,1
0xF3e0efB3568F00c36FE7a78f21db6A1e064889F2,1
0xb255A1A0eDA4c14A7fBE8E08aDFcb48193512273,1
0xb3D96b1f0900FFe8d96351727C4A57643bf5E196,1
0xEbFE70398f8Bc151d405E39bC5fE9eD51869597f,1
0x89C3aA3F02728dEdCF59264a753BaBa6b860D81A,1
0x3D7382733EA9d8796F41cC63d977fa844a434d0A,1
0xA7d4b2c1d9b7f54B19f40fcC7E2D989F9c89C173,1
0x9cAD31E4d301D7349bc20fb438B05F8527f9a76F,1
0xCd200478C63D34970F036e496E833c7969c676A2,1
0x174026B0109Cae9E198bE36d71fCCa8417F00a6B,1
0xF7Bf39182A4124734b3d04197aA064aFCEB638c1,1
0xf0fAFdE2fd9199002b79A70AB62Bd20fd9917cF3,1
0x279E0Bec7581337F5F74AB76b89F80d691BF1D4D,1
0x4399640E8362b39272C56b3f6BB957c469e739BF,1
0xE68CE21fD95346A358b109D34086e087d316B311,1
0x37BFa91b14E29FC82f4Be00E4FD3438d22AFc02C,1
0xB46D196ffef2dc6215DC7e4Ec7859850D81F786D,1
0x742981C55f8f384eCEd7a7099155FfD0f157A8CF,1
0x583A6762ace43854827Ad4685d5FFfc8EF13F189,1
0x872083fDFfA2102505Ed5Ed35e461357F4E7E10F,1
0x29682DB59cE3530D5dE7E925ec92E717A1D665dE,1
0x619D6Bfb23636510Cf474a7944da1a57AdC50ED1,1
0xEA53184DDA1571CD7590796ECaC3f9DDF4b6d2A9,1
0xC017B7a4f697ac163Aa3ABc044141D23467F681B,1
0xA4463604853c2C793b47084A89E6cD396ecEDC9E,1
0x17d3824cd49b19325B77D63312897a67136D58Ec,1
0x3A120D450405AA9B58a9deC4a899135e03af14aA,1
0x961631AB57b8D78B79C2C28F4b21ECc8C9734520,1
0xeE506eC4b9636DD94E1F4A3952Aa7191EFFEd361,1
0xE33736e7357F9EDC248baeC97D66D90e8C9a8eBC,1
0xa8341DcCb03246dEeD9F784387093872d66F34d6,1
0xE06cc5e3117398255ebaE71c9cC694500da3f30e,1
0x1Db63BC697DcF726A700dD1f3221Cf13C1Fb0673,1
0xe13A370fECe549f8a38ba243815873241Ba6f02e,1
0xa69eF2826455BbAA9aDDE48B11A2bb4E56108970,1
0x8360B1F51faB6caD2C2DCF2e282a5E50042bDe2c,1
0x9bA36732bDaB8E2EDb9Ff37315CA008f01CadE8a,1
0x7f2D16F5B94cB29FB9Ead07Cb46C0e74e6523C26,1
0x8C20956f757755bccee1A1368750D662e6F6216B,1
0x1D35551cc31Ae997D6bCe58A02088b468452b5A7,1
0xdF866384aBec762f915eA8bE13a46dCf752Aa6be,1
0x23384C9E9EedD25a79f685f69E771b0b99A26bd4,1
0xeC653734a89fe995Bce77DdB219C68146dD92215,1
0x988c267BBAFFBed3CAc43F09a147f7CEC0b14793,1
0x967D9A5c15bcFc54f10F772Abe10489474fb35B9,1
0x47A855b1ea1BAd2e613A189E22bAe7f453238b7c,1
0xc9C8f72D941f9fB2c5e19B720758678D518d990a,1
0x18C3cd232062298BfF55CCDDbd61AC09D5A62AA8,1
0xE7a06481530281175ec82cFF87e60Fa37aC478DF,1
0xC16d5B58C486dc5449ff9769825dA57B2D62E617,1
0xdfBea6F320b313121753EF8dc2cde2590d23792d,1
0xB1907FcddfbE0821c1806716d810f01856b01C58,1
0xf6622c68e7F081C1031D2F0AA8445079b05B1Fb0,1
0xcbFE60C10C97924a6a7aC6487200982484757fbD,1
0xAB4e0180Eb9F8Fbb4630394E908d0D60798807fe,1
0xefa6BE65151F3f7bDf190c385610A314f38B9588,1
0xA3f3a7916f1457a3CA5EC2cF7bC7C90889f9dD60,1
0x4344b1Dd3DfbA9Dd2691ea1B2110f92499e5326a,1
0xBE8a0D5722920210325695a5909a7FA468613219,1
0x1107602d51193953cFe4cb8a4B01d846e7E426ab,1
0x18C431Fd1BE3e98a3B3Acb8045C636A410cA6208,1
0x066A0B0aF0987c9f9cbFdcd6dfF9A359Ed1607E3,1
0x05f4fd505341879Aa1306cb08cb55D92F780535B,1
0x516dc0c15D49745fCf325c235AF2c909F7Ad4C8A,1
0x3b682Dea5eAFf348843Fe9ca4d08cDBFd690c738,1
0x573c84b778B8111eE11a9C66ab3743e5d4FA83C6,1
0x4424cFb398Ed3f4C14ed75aD0fA858D6e8D99f7d,1
0x057d1dCaCb9387AbB3CE4DD37595De23654F3f8F,1
0x24b3EeEC7eFDa6b5113C7cfcA023C4730294Ca5C,1
0x7705cCfC1E1aAf09d24070F17e6eb64629e0F361,1
0x50f15a31f5d1c8d8BA88fAaEcb87E73b55Fc729a,1
0x738A98b422671e2520212767f5aA8eD49467F6bd,1
0x5f5451E0d2AC898002b50e35BeFD9A4c974a59d2,1
0x8fFCc07cb10D6C2C4a2C1A9ad3749D8ADF79B559,1
0x9e0c5efE418C2Ef8b804Ce50bCAf62159E0fB2ad,1
0x2F6988B08183397Ce2fBfB97D5B6cf721D724fEF,1
0x03179c647bC4957864f9Bf635686468827E4dE87,1
0x44c8286DFB5908BED877fCbca55B561991251f46,1
0x40f16c7Bfe91D30A5e0A6E0481FDb7709EA7909A,1
0xe78B5A911CB0992513f16e53Ffb4366cfd49F4b1,1
0x89cA4C49Ab7C2AB701944FeB184ceb19BB2421E1,1
0xCfCF2f5C52d2134EAd185110D81BfB1D77EdB09c,1
0xC69348d16a38f255235c3c84a8eA2a7105842d83,1
0x7C09aE96e179F3fb89B105c1B567c40C50F3ad58,1
0xa620Ce5d3eE3bfC3aB08e863c190b3316edC115A,1
0x3E88b374c20C0e782d10B0858f580090C71b03c6,1
0xD565A9a57b30909dc6B908f198efB947862682c0,1
0x698135D04Be932156207f0fA775f6CEa7D49a65d,1
0x05Cb24BdF186425a5FeB33e4FDec9Af41876c6C8,1
0xb1aD5DB955E6f921b6b41e36FF44c34a0cB7d36f,1
0x3571D542BcC150886E35B342dFf5a5128690881E,1
0xEf9e0B7FE8583BCd8650132146620B8CA609A137,1
0xbc7B19E4e69DB306a98e4fc2D6271266aAb7e213,1
0x3eF5BC4673c5f127FDFedacA3865F09cAb04E3d9,1
0x73C4BEb01169FE6EfeE9d18e93005F8293307397,1
0x371d08a3bE2eF74fC0b9f78675F95463C219570B,1
0x988867a5Ccad02119Ae8DB9850BD1380aC876C33,1
0x31731a1a672482b0ae8E2b7CC6C621c437EFe792,1
0x3c61622eaE461fA5D5f82E0cC1B8543e371CA235,1
0xBF81e2c95Fe8bd1697E3C09699cbe84777f0C961,1
0x7bC19dbe0e52E6344E601aF7E6Eb606F7461BB25,1
0x167d8C2Bd3af95C4FA8F0403Df8C7553464F8812,1
0xFDF677b007BF416Fb82917E2e33142D78d9971d3,1
0x48CC8d5942473ab89cC51f2cCfc10a6b19979F45,1
0x89A2f65F4E0F56ECDd639aa7e94801F879b37452,1
0x1544c872e459803178441fa03010B9a69CC0114C,1
0xba9EbccFCaF7D7D1837AdFdB7E43C2Da0D6084d5,1
0xD8e1A115Dc2c89710d853e728950FD7330212F44,1
0x3B5C91BBbb7aCC5459Bf31D66d0e48ceEAF98c93,1
0x24b765c883d8393a3C910b56e3B00DC63D06CFaF,1
0x7708C60cc22F13BC73A4Cb748bC6802D8dCEf9DE,1
0xeF2B2911c72a30DB049cb233712Dc3ba6FD14aE0,1
0x55cD70Eea135F0Cf3CFcF1eaaA8E195a4a8c253A,1
0xB7Abb7A9785CDc8864F4C01C8c8557e1fBb5d563,1
0x43d088F74e0d0329fCbA63BdfC84eF0354c6034E,1
0x29Ad04C4e811b2389563A97D43979221d17B1d54,1
0x53d696550F44e57040dC20b08F2B972409134Bc4,1
0xe489bfBDA635579b20dD966faB87060330B1B722,1
0xfE2c3Ff0734A87c7200A8e1aa09a3Ec163042bFE,1
0x961B6C741631ba87Ce2D51d6F0dDb7c633209A00,1
0xD03F303540D925E94817984C2AF2BfE5644B8EFf,1
0x22F8303cB41A9dfc8a9D6bd191011132dAdF91dB,1
0xd147A6c0f5bc60352967E1B185BA7Cc94294881D,1
0x103649A7e1bB848b9D0dE487E909728D972372E0,1
0x40CdfEeBBa3aAb8Fe8d608d21386122a8B29cf73,1
0xEbE05c2D73e2B8f558018EF9127374cC937c0348,1
0x6dDc743c09344E748CDfa9e403cC90a084eF4A40,1
0x0AF15b48F3F19931d70f3Dad60e16DBe6D7fB95e,1
0x99F2D5309729f3F09ecE50AE3984632D91037851,1
0xfF43ddC30bEE825873c2453185BD9c1e131EdbE6,1
0x089616D1cF138FbeEcb0E6e2CB4A792eCA885Ff2,1
0xD2aD2637A7394689F67494B4dC39C9B4eCCb5b98,1
0x39e0848c6d2e9B31E497ADb92F2DBb0F521C41A6,1
0x268C7Bb92aFf52c7Ca98DdEe60D2078535683D6f,1
0x692C2979Eac3033f308F280194bf25E82412CD48,1
0xf85aF30DB7859b78f4dfDFE048F564c51E6fd8c9,1
0xeF1A4456f6f643a20c892fC04E12d285A0E68Acc,1
0x243A5F3a646ea5DBaBde4ef14d49b5BD5D2937c1,1
0xf9eb2640946254A56dd6097C807bFA03C9B68E48,1
0xafE5C8CD7Df5dce14e48Dc405ec5A4EBfA2DbB37,1
0xB695DA6d855F27865f79cc69688Da014b510Dfc4,1
0xb584Edc9801A668014B73EdA3B677f99e229bfF3,1
0x59547Bf4F7803A4d14ef1F28FbA7d464e884DC9c,1
0x8e37fa5C5e78DBE580A920325f83178563d68D89,1
0xE3d4Fe7e64b98eaF3FF4b170c268f35F1Ebee6dF,1
0x4324Cb6033DC536FF3D5e80be84E59940eBfEBbb,1
0x15B259E37Fb82b9A8F67f9156D1b9bbbaA197678,1
0x6Ca2cDF375A14D4C56142c016F4F565f709Af292,1
0x4ce87Ee48d399a274C7669BC8608256d69e89D52,1
0x97Ae27CB011a17324F933F8503da67c2290F549C,1
0xa5B314AbCD1f3bF4198d3a8cfD0E11f851e13eaA,1
0xCB82f06f84705446E9C8a8F42c90BEa9e1ca3d79,1
0xEe7Df5816Db6054D194614D1949531F72E1AD59C,1
0xaB88533C1D07c777057ea130c9A167d674Db92FC,1
0x8bec2CB557ED51f050F4085F58A4591d6a7fdB13,1
0xcA84f3f461E71ee65ABa73cB1C8Aa8aC75435ddd,1
0x49B2b9730949D066296867414C8E8aDf8b2CB962,1
0x970E20C3e151320a00c00405e1aA0470404D29eC,1
0x1804c7DEef27F775F2905bAF42a0f3360672DaA1,1
0x628E449db79206D95c26B6caCCE27328A5294A56,1
0x31333401Bcb3412DAFEd1C2A7c99151e34301992,1
0xcBe2e2613738C85a9834110f521E670293f22cD7,1
0xbb5795D5e48Bb43D24c3B951378cbbDaeec3e7b4,1
0x645236c9F492dcCB85Fda61F7Fe3E670B63CD38f,1
0x3F441E05cee4C5621f912E2B0E0746626488AC4d,1
0x0158bef1E8EF6A8E0478775Aa42BF7b82422832a,1
0xD182dd8D89bdAF467D84A727116EF95B464966A5,1
0xeb6D4cA63DD8468A6BB6Bd3951FDb4a843634a3A,1
0x236743d7B380C52DEc17fA7B6610acaF8B4619Bf,1
0xBa4Aa96e31B261b83d19a287DBEf8f9E5D61275A,1
0xD0CC007228bA986a99A651CA32CF15f9b8f743FB,1
0xc652d33Fc1B294080D6Bc2e3a4c3c0dA7D8Af71a,1
0x5C5fe3dD48e5CFaa4a01E78429413a5668006264,1
0x4CCaCe0e983686e603304B06C0BdEa07Ff459e16,1
0xA5c94Ef93182173d46c182785F9676a4524843f3,1
0x00D6712580Bd7715DD354F193d4903A9d60DEc56,1
0xaDfF68138643089383e912565D75069CF4fa9520,1
0x9608A078Fa8c280AB7ff68EEB0867B004a6f2aEE,1
0x4E31cC6b6AA00B9305fC78425Db5DE85EA74B030,1
0x0F5001E670e1f2c484C7c1875D2a8813dA42C4B2,1
0x367c8FEC355b06a31cfe1c0C6ECa234D5cc295BE,1
0x2b39ab806460223f40B63E25d6493CB10cE284f3,1
0x9F3c1d967caFc8c5c9d2c9c6173f1F63Cdc2A473,1
0x8D8f6096243A4685DB3c50AF9D55622D6bdF9ecf,1
0xd46C9ccBdCe3c5a625c92B02DFbB5fE5a7a97778,1
0xd5C71a5Fa2520b4C3a7D5133C82fb88339530614,1
0xF77Dd66ED94E122a453EE5CbF48c10c10F51cC56,1
0x7de05bBa894cca294C67dF2a8fB59879Fd5f0c3D,1
0x7B86b32B50B9389173d5B4cd01b0dc0EF79A6fA9,1
0xA45B3AAb82654A29bCC12c476fdfB1095B24c5F6,1
0xf475e31Dca6E7C9904f2156b2500b23276EC4B56,1
0x4c927bd774CD6A7575C0F29e9Fbe499270D3EA49,1
0x48727692231Da503Bf4F9cec5698A6360d221069,1
0x6fb96BD59A2115b0209136729754539B6a540088,1
0x90426f460f09F950d64Eb69875487f12c3BA23c3,1
0x29cE8111B7cf7d2E6eBa818709e9ffA513bD5D1e,1
0x17d37139A45F383990a70C6646DecEF7eE7a42A2,1
0x7F6A760bf795a5d181EE93b29E671e555cc50A09,1
0xEa390FB4022103A1F6076528288Cc09795a36189,1
0x534bcf5d234a83CaE63F6fC853aD48bB47489Ee4,1
0xC6aEBd708A44565e74E314fDcE945210B4A35ED9,1
0x3D36a3947b53F154ee394e08901656D625C8aBb5,1
0xB4b771558708c93DeCd15F1aDC34e4B2ed583244,1
0xd55645b7503963569e148979Cf473847fa9920f4,1
0x3dd29824A2E2907c829f8eE4b5225741dE0CC58d,1
0x3F42b7f38964e088dfEB2F698179863617225Edf,1
0x0842Ba69Ab2B9a54ad46F5bDD93e657C8E78ab22,1
0x5773cc6Cd87aDA2D2745d96a400a6B56F4aDce40,1
0x1BBc3C2E674C26264C08Bbd8a7911C404d4E3aFB,1
0x2437bf1f1509937347106683DD257A768d8a1351,1
0x77238a7A527E05d62F408cCB883a1c2f60ac16e9,1
0xD809935F00b4582487cae94D33C5573304aa06b7,1
0xa45FDde35Efb6978Be76925DB15769e43C94d5dA,1
0x641d6b99b2027DCaf5A53033a158fc3069c59D39,1
0x0BbfDAb96D5224E1c368Da4f8DEB2030b9cf140A,1
0x0868b958FA427457a36C87Fc30C473792ea2B5A8,1
0x8fAB620C9695F66B2C745948dC949f35aDC6Cd38,1
0x690cfDa1131Fb90fcdCF8c36156875606A7dc00a,1
0xFd692A5dBE71Bf04016bE68EDE883d7de31d77d8,1
0xfB43BD033dF1A0D4d1cc1DB35C39F8Aba48F469C,1
0xb87E63c791568E2ebE4b6E2DdB8a078F5B0B6BA5,1
0xDEb20CcD52E3a757007D810AdA0D1f5f75Ab13F0,1
0x1205B8b8dC2f3a76e70067340528b2be24A14302,1
0x89C533f9F8dD42214FCFfb6ffB27557A55ABD8e8,1
0x8426ccaE3FD861e6C89FF81e9a1a641a2Eb32845,1
0xc1ca0cd3Fa710Ca92F426d25F856EF8e97bbA1a2,1
0xB172A571dB15bb116914F590d4adC8c4748153db,1
0x0e474e90050B7e300B70ffF79Ec0C016D367496e,1
0x8E6A8466B229ac8EC3B4d960f21B12629eDa8409,1
0xB87096e92C31b09B44AB7bAd12D75dbbC4f977DE,1
0x0c775D1C82799164003b0ce73e0fC9c44D2575A3,1
0x2959077545f03fA66fB253674761fB244479Ea41,1
0xC2e7AC994025cD843b74043E556563377EaF40aA,1
0x421a8D71Ff9cB0268459F32B9c3Cb163994caC1B,1
0x5AC7009B338F4049499233f8B4Ab0AAE5f7AA432,1
0xcd172923B656CcEb7e48aB95Ae05593010f17350,1
0xf8F1ff802DDd73e69516f73618F71fF58819dA18,1
0xceAb4a98d9BB9674925664f1C7cb215dAF009F8f,1
0x6629A8Eb901c4B792913807871fd847C19B48D4C,1
0x7Ef5b92C284ef37A2328BCD267e365E8bA6dEd07,1
0x9e560181f5C2A4E1385fdBb3ED6706cF24013C45,1
0xf071beE317082E7B3f22d33E8af6F61630D273d5,1
0x0d6D0A19e9B9377c48388AEf54675C6dACfE3FCD,1
0x106D710E7F4bDc9DfBB64C321723ea290166ce47,1
0x1877E609030749170bEbA4C393D69F14D51b975B,1
0x413d7Bf512B9DAD026Bfc366B519E1F847B286C5,1
